space,cantidad_productos,predicted_rentability,rentability_pondered,rentability_percentage
2,1452,115.53683,1677.5947293090821,77.77275008240503
3,209,104.08631,217.54039070129394,10.085102285585064
1,187,140.0598,261.9118244934082,12.142147632009902
